Anticodon,Count,Abundance,Length,Neigh_Nucl
TGC,3,284.637864776675,76,A
GGC,3,6506.408461266578,76,A
GCA,1,6584.094604340828,74,A
GTC,3,5048.649375144627,77,A
TTC,4,1575.4863364022603,76,A
GAA,2,1250.2359349538824,76,A
TCC,1,11043.118230170903,75,A
GCC,4,7459.402640752568,76,A
CCC,1,2847.798004826572,74,A
GTG,1,7824.888189649209,76,A
GAT,3,19.351428131971193,77,A
TTT,6,6271.135835030506,76,A
TAG,1,6688.678843903108,85,G
GAG,1,6586.909173076006,87,G
CAG,4,17307.878395948566,87,G
TAA,1,4410.540798854488,87,A
CAA,1,3913.911713638816,85,A
CAT,6,15782.499167637761,77,A
GTT,4,1650.0593563253005,76,A
TGG,1,11073.854748520514,77,G
GGG,1,5077.330956125942,77,G
CGG,1,5256.331666346676,77,G
TTG,2,6407.9674068605,75,A
CTG,2,7596.112841783313,75,A
TCT,1,764.0358499962199,77,A
CCT,1,4259.7976223106,75,A
CCG,1,5336.501868607699,77,G
ACG,4,10984.699954626793,77,A
GCT,1,9110.595142567132,93,A
TGA,1,2982.5388608400613,88,A
GGA,2,1863.7844219604758,88,A
CGA,1,1192.0479729294254,90,A
TGT,1,4762.170032831898,76,A
GGT,2,10754.619840356585,76,A
CGT,2,3998.9344298636934,71,A
TAC,5,10179.042165457624,76,A
GAC,2,3287.323853918607,77,A
CCA,1,9367.84175624784,76,A
GTA,3,6840.815218599459,85,A
CTA,1,58.00737996484579,360,N
TCA,1,167.0821497868591,365,N
TTA,1,225.0895297517049,363,N
